rank,alpha,trainable_params,train_time_min,peak_vram_gb,eval_loss,eval_perplexity
Base,-,0,0.0,0.0,1.6073894588098596,4.9897682151250535
8,16,3407872,2.0015040159225466,20.594180608,1.3679612874984741,3.927335819599598
16,32,6815744,2.16985399723053,19.578572288,1.3615070581436157,3.902069518427667
64,128,27262976,2.0196020801862082,21.945042432,1.3563379049301147,3.8819511654587213
16-ALL,32,41943040,2.303138212362925,21.30975488,1.364364743232727,3.913236352355189
